station_id,sa2_name,sa3_name,sa4_name
008002,Dowerin,Wheat Belt - North,Western Australia - Wheat Belt
008005,Moora,Wheat Belt - North,Western Australia - Wheat Belt
008007,Morawa,Mid West,Western Australia - Outback (South)
008008,Moora,Wheat Belt - North,Western Australia - Wheat Belt
008009,Moora,Wheat Belt - North,Western Australia - Wheat Belt
008013,Morawa,Mid West,Western Australia - Outback (South)
008014,Moora,Wheat Belt - North,Western Australia - Wheat Belt
008028,Northampton - Mullewa - Greenough,Mid West,Western Australia - Outback (South)
008037,Morawa,Mid West,Western Australia - Outback (South)
008050,Geraldton,Mid West,Western Australia - Outback (South)
008052,Northampton - Mullewa - Greenough,Mid West,Western Australia - Outback (South)
008060,Morawa,Mid West,Western Australia - Outback (South)
008061,Moora,Wheat Belt - North,Western Australia - Wheat Belt
008065,Northampton - Mullewa - Greenough,Mid West,Western Australia - Outback (South)
008066,Dowerin,Wheat Belt - North,Western Australia - Wheat Belt
008067,Morawa,Mid West,Western Australia - Outback (South)
008072,Morawa,Mid West,Western Australia - Outback (South)
008075,Northampton - Mullewa - Greenough,Mid West,Western Australia - Outback (South)
008077,Morawa,Mid West,Western Australia - Outback (South)
008085,Moora,Wheat Belt - North,Western Australia - Wheat Belt
008087,Moora,Wheat Belt - North,Western Australia - Wheat Belt
008095,Northampton - Mullewa - Greenough,Mid West,Western Australia - Outback (South)
008100,Northampton - Mullewa - Greenough,Mid West,Western Australia - Outback (South)
008107,Morawa,Mid West,Western Australia - Outback (South)
008113,Northampton - Mullewa - Greenough,Mid West,Western Australia - Outback (South)
008121,Morawa,Mid West,Western Australia - Outback (South)
008137,Dowerin,Wheat Belt - North,Western Australia - Wheat Belt
008139,Moora,Wheat Belt - North,Western Australia - Wheat Belt
008143,Morawa,Mid West,Western Australia - Outback (South)
008147,Northampton - Mullewa - Greenough,Mid West,Western Australia - Outback (South)
008157,Morawa,Mid West,Western Australia - Outback (South)
008168,Northampton - Mullewa - Greenough,Mid West,Western Australia - Outback (South)
008179,Dowerin,Wheat Belt - North,Western Australia - Wheat Belt
008200,Northampton - Mullewa - Greenough,Mid West,Western Australia - Outback (South)
008202,Moora,Wheat Belt - North,Western Australia - Wheat Belt
008237,Northampton - Mullewa - Greenough,Mid West,Western Australia - Outback (South)
008240,Northampton - Mullewa - Greenough,Mid West,Western Australia - Outback (South)
008254,Dowerin,Wheat Belt - North,Western Australia - Wheat Belt
008273,Morawa,Mid West,Western Australia - Outback (South)
008274,Northampton - Mullewa - Greenough,Mid West,Western Australia - Outback (South)
008275,Moora,Wheat Belt - North,Western Australia - Wheat Belt
008280,Northampton - Mullewa - Greenough,Mid West,Western Australia - Outback (South)
008283,Moora,Wheat Belt - North,Western Australia - Wheat Belt
008286,Northampton - Mullewa - Greenough,Mid West,Western Australia - Outback (South)
008294,Northampton - Mullewa - Greenough,Mid West,Western Australia - Outback (South)
008295,Morawa,Mid West,Western Australia - Outback (South)
008296,Morawa,Mid West,Western Australia - Outback (South)
008297,Moora,Wheat Belt - North,Western Australia - Wheat Belt
008298,Northampton - Mullewa - Greenough,Mid West,Western Australia - Outback (South)
008299,Morawa,Mid West,Western Australia - Outback (South)
008300,Irwin,Mid West,Western Australia - Outback (South)
008301,Moora,Wheat Belt - North,Western Australia - Wheat Belt
008302,Dowerin,Wheat Belt - North,Western Australia - Wheat Belt
008304,Northampton - Mullewa - Greenough,Mid West,Western Australia - Outback (South)
008306,Northampton - Mullewa - Greenough,Mid West,Western Australia - Outback (South)
008307,Northampton - Mullewa - Greenough,Mid West,Western Australia - Outback (South)
008308,Northampton - Mullewa - Greenough,Mid West,Western Australia - Outback (South)
008309,Morawa,Mid West,Western Australia - Outback (South)
008310,Morawa,Mid West,Western Australia - Outback (South)
008315,Geraldton,Mid West,Western Australia - Outback (South)
008316,Gingin - Dandaragan,Wheat Belt - North,Western Australia - Wheat Belt
008317,Moora,Wheat Belt - North,Western Australia - Wheat Belt
008318,Moora,Wheat Belt - North,Western Australia - Wheat Belt
009014,Gingin - Dandaragan,Wheat Belt - North,Western Australia - Wheat Belt
009018,Gingin - Dandaragan,Wheat Belt - North,Western Australia - Wheat Belt
009033,Moora,Wheat Belt - North,Western Australia - Wheat Belt
009037,Gingin - Dandaragan,Wheat Belt - North,Western Australia - Wheat Belt
009210,Gingin - Dandaragan,Wheat Belt - North,Western Australia - Wheat Belt
009248,Gingin - Dandaragan,Wheat Belt - North,Western Australia - Wheat Belt
009268,Toodyay,Wheat Belt - North,Western Australia - Wheat Belt
009274,Chittering,Wheat Belt - North,Western Australia - Wheat Belt
009279,Moora,Wheat Belt - North,Western Australia - Wheat Belt
009504,Bridgetown - Boyup Brook,Manjimup,Bunbury
009507,Brookton,Wheat Belt - South,Western Australia - Wheat Belt
009542,Esperance Region,Esperance,Western Australia - Outback (South)
009561,Plantagenet,Albany,Western Australia - Wheat Belt
009579,Esperance Region,Esperance,Western Australia - Outback (South)
009581,Plantagenet,Albany,Western Australia - Wheat Belt
009584,Esperance Region,Esperance,Western Australia - Outback (South)
009587,Bridgetown - Boyup Brook,Manjimup,Bunbury
009607,Plantagenet,Albany,Western Australia - Wheat Belt
009626,Esperance Region,Esperance,Western Australia - Outback (South)
009631,Esperance Region,Esperance,Western Australia - Outback (South)
009635,Kojonup,Albany,Western Australia - Wheat Belt
009739,Esperance Region,Esperance,Western Australia - Outback (South)
009772,Esperance Region,Esperance,Western Australia - Outback (South)
009804,Esperance Region,Esperance,Western Australia - Outback (South)
009815,Esperance Region,Esperance,Western Australia - Outback (South)
009822,Esperance Region,Esperance,Western Australia - Outback (South)
009843,Kojonup,Albany,Western Australia - Wheat Belt
009850,Plantagenet,Albany,Western Australia - Wheat Belt
009865,Gnowangerup,Albany,Western Australia - Wheat Belt
009867,Esperance Region,Esperance,Western Australia - Outback (South)
009868,Esperance Region,Esperance,Western Australia - Outback (South)
009914,Wagin,Wheat Belt - South,Western Australia - Wheat Belt
009922,Esperance Region,Esperance,Western Australia - Outback (South)
009954,Esperance Region,Esperance,Western Australia - Outback (South)
009967,Plantagenet,Albany,Western Australia - Wheat Belt
010000,Dowerin,Wheat Belt - North,Western Australia - Wheat Belt
010006,Merredin,Wheat Belt - North,Western Australia - Wheat Belt
010007,Mukinbudin,Wheat Belt - North,Western Australia - Wheat Belt
010009,Moora,Wheat Belt - North,Western Australia - Wheat Belt
010011,Mukinbudin,Wheat Belt - North,Western Australia - Wheat Belt
010012,Cunderdin,Wheat Belt - North,Western Australia - Wheat Belt
010016,Merredin,Wheat Belt - North,Western Australia - Wheat Belt
010019,Merredin,Wheat Belt - North,Western Australia - Wheat Belt
010026,Moora,Wheat Belt - North,Western Australia - Wheat Belt
010031,Cunderdin,Wheat Belt - North,Western Australia - Wheat Belt
010032,Dowerin,Wheat Belt - North,Western Australia - Wheat Belt
010036,Cunderdin,Wheat Belt - North,Western Australia - Wheat Belt
010040,Cunderdin,Wheat Belt - North,Western Australia - Wheat Belt
010041,Cunderdin,Wheat Belt - North,Western Australia - Wheat Belt
010043,York - Beverley,Wheat Belt - North,Western Australia - Wheat Belt
010044,Cunderdin,Wheat Belt - North,Western Australia - Wheat Belt
010045,Dowerin,Wheat Belt - North,Western Australia - Wheat Belt
010052,Cunderdin,Wheat Belt - North,Western Australia - Wheat Belt
010053,Merredin,Wheat Belt - North,Western Australia - Wheat Belt
010055,Mukinbudin,Wheat Belt - North,Western Australia - Wheat Belt
010058,Dowerin,Wheat Belt - North,Western Australia - Wheat Belt
010061,Dowerin,Wheat Belt - North,Western Australia - Wheat Belt
010064,Moora,Wheat Belt - North,Western Australia - Wheat Belt
010073,Cunderdin,Wheat Belt - North,Western Australia - Wheat Belt
010076,Dowerin,Wheat Belt - North,Western Australia - Wheat Belt
010077,Dowerin,Wheat Belt - North,Western Australia - Wheat Belt
010089,Dowerin,Wheat Belt - North,Western Australia - Wheat Belt
010092,Merredin,Wheat Belt - North,Western Australia - Wheat Belt
010097,Dowerin,Wheat Belt - North,Western Australia - Wheat Belt
010102,Mukinbudin,Wheat Belt - North,Western Australia - Wheat Belt
010104,Cunderdin,Wheat Belt - North,Western Australia - Wheat Belt
010108,Merredin,Wheat Belt - North,Western Australia - Wheat Belt
010111,Northam,Wheat Belt - North,Western Australia - Wheat Belt
010112,Mukinbudin,Wheat Belt - North,Western Australia - Wheat Belt
010119,Merredin,Wheat Belt - North,Western Australia - Wheat Belt
010121,Cunderdin,Wheat Belt - North,Western Australia - Wheat Belt
010122,Cunderdin,Wheat Belt - North,Western Australia - Wheat Belt
010123,Merredin,Wheat Belt - North,Western Australia - Wheat Belt
010124,Merredin,Wheat Belt - North,Western Australia - Wheat Belt
010125,Toodyay,Wheat Belt - North,Western Australia - Wheat Belt
010126,Mukinbudin,Wheat Belt - North,Western Australia - Wheat Belt
010129,Northam,Wheat Belt - North,Western Australia - Wheat Belt
010132,York - Beverley,Wheat Belt - North,Western Australia - Wheat Belt
010134,Toodyay,Wheat Belt - North,Western Australia - Wheat Belt
010135,Mukinbudin,Wheat Belt - North,Western Australia - Wheat Belt
010136,Mukinbudin,Wheat Belt - North,Western Australia - Wheat Belt
010140,Dowerin,Wheat Belt - North,Western Australia - Wheat Belt
010141,Moora,Wheat Belt - North,Western Australia - Wheat Belt
010143,Cunderdin,Wheat Belt - North,Western Australia - Wheat Belt
010145,Cunderdin,Wheat Belt - North,Western Australia - Wheat Belt
010149,Mukinbudin,Wheat Belt - North,Western Australia - Wheat Belt
010151,Merredin,Wheat Belt - North,Western Australia - Wheat Belt
010152,Northam,Wheat Belt - North,Western Australia - Wheat Belt
010158,Mukinbudin,Wheat Belt - North,Western Australia - Wheat Belt
010192,Mukinbudin,Wheat Belt - North,Western Australia - Wheat Belt
010230,Cunderdin,Wheat Belt - North,Western Australia - Wheat Belt
010244,Northam,Wheat Belt - North,Western Australia - Wheat Belt
010245,Dowerin,Wheat Belt - North,Western Australia - Wheat Belt
010250,Dowerin,Wheat Belt - North,Western Australia - Wheat Belt
010257,Cunderdin,Wheat Belt - North,Western Australia - Wheat Belt
010283,Merredin,Wheat Belt - North,Western Australia - Wheat Belt
010286,Cunderdin,Wheat Belt - North,Western Australia - Wheat Belt
010294,Cunderdin,Wheat Belt - North,Western Australia - Wheat Belt
010304,Toodyay,Wheat Belt - North,Western Australia - Wheat Belt
010307,York - Beverley,Wheat Belt - North,Western Australia - Wheat Belt
010308,Toodyay,Wheat Belt - North,Western Australia - Wheat Belt
010311,York - Beverley,Wheat Belt - North,Western Australia - Wheat Belt
010502,Gnowangerup,Albany,Western Australia - Wheat Belt
010503,Merredin,Wheat Belt - North,Western Australia - Wheat Belt
010505,Wagin,Wheat Belt - South,Western Australia - Wheat Belt
010508,Katanning,Albany,Western Australia - Wheat Belt
010510,Wagin,Wheat Belt - South,Western Australia - Wheat Belt
010513,Kulin,Wheat Belt - South,Western Australia - Wheat Belt
010515,York - Beverley,Wheat Belt - North,Western Australia - Wheat Belt
010519,Gnowangerup,Albany,Western Australia - Wheat Belt
010520,Kojonup,Albany,Western Australia - Wheat Belt
010524,Brookton,Wheat Belt - South,Western Australia - Wheat Belt
010525,Kojonup,Albany,Western Australia - Wheat Belt
010527,Brookton,Wheat Belt - South,Western Australia - Wheat Belt
010530,Kojonup,Albany,Western Australia - Wheat Belt
010531,Kojonup,Albany,Western Australia - Wheat Belt
010534,Brookton,Wheat Belt - South,Western Australia - Wheat Belt
010537,Kojonup,Albany,Western Australia - Wheat Belt
010541,Gnowangerup,Albany,Western Australia - Wheat Belt
010542,Wagin,Wheat Belt - South,Western Australia - Wheat Belt
010544,Wagin,Wheat Belt - South,Western Australia - Wheat Belt
010546,Kulin,Wheat Belt - South,Western Australia - Wheat Belt
010556,Brookton,Wheat Belt - South,Western Australia - Wheat Belt
010558,Gnowangerup,Albany,Western Australia - Wheat Belt
010560,Kulin,Wheat Belt - South,Western Australia - Wheat Belt
010564,Brookton,Wheat Belt - South,Western Australia - Wheat Belt
010565,Kulin,Wheat Belt - South,Western Australia - Wheat Belt
010566,Katanning,Albany,Western Australia - Wheat Belt
010568,Kulin,Wheat Belt - South,Western Australia - Wheat Belt
010571,Brookton,Wheat Belt - South,Western Australia - Wheat Belt
010581,Kulin,Wheat Belt - South,Western Australia - Wheat Belt
010582,Kojonup,Albany,Western Australia - Wheat Belt
010583,Kulin,Wheat Belt - South,Western Australia - Wheat Belt
010584,Kulin,Wheat Belt - South,Western Australia - Wheat Belt
010595,Gnowangerup,Albany,Western Australia - Wheat Belt
010603,Kulin,Wheat Belt - South,Western Australia - Wheat Belt
010611,Kulin,Wheat Belt - South,Western Australia - Wheat Belt
010612,Merredin,Wheat Belt - North,Western Australia - Wheat Belt
010614,Narrogin,Wheat Belt - South,Western Australia - Wheat Belt
010619,Gnowangerup,Albany,Western Australia - Wheat Belt
010622,Gnowangerup,Albany,Western Australia - Wheat Belt
010625,Kulin,Wheat Belt - South,Western Australia - Wheat Belt
010626,Brookton,Wheat Belt - South,Western Australia - Wheat Belt
010627,Gnowangerup,Albany,Western Australia - Wheat Belt
010628,Cunderdin,Wheat Belt - North,Western Australia - Wheat Belt
010634,York - Beverley,Wheat Belt - North,Western Australia - Wheat Belt
010635,Kojonup,Albany,Western Australia - Wheat Belt
010638,Kulin,Wheat Belt - South,Western Australia - Wheat Belt
010643,Kojonup,Albany,Western Australia - Wheat Belt
010644,Kulin,Wheat Belt - South,Western Australia - Wheat Belt
010647,Wagin,Wheat Belt - South,Western Australia - Wheat Belt
010655,Wagin,Wheat Belt - South,Western Australia - Wheat Belt
010659,Katanning,Albany,Western Australia - Wheat Belt
010662,Kulin,Wheat Belt - South,Western Australia - Wheat Belt
010665,Kulin,Wheat Belt - South,Western Australia - Wheat Belt
010666,Merredin,Wheat Belt - North,Western Australia - Wheat Belt
010670,Kulin,Wheat Belt - South,Western Australia - Wheat Belt
010692,Kulin,Wheat Belt - South,Western Australia - Wheat Belt
010694,Gnowangerup,Albany,Western Australia - Wheat Belt
010696,Kulin,Wheat Belt - South,Western Australia - Wheat Belt
010700,Katanning,Albany,Western Australia - Wheat Belt
010702,Merredin,Wheat Belt - North,Western Australia - Wheat Belt
010707,Gnowangerup,Albany,Western Australia - Wheat Belt
010715,Kojonup,Albany,Western Australia - Wheat Belt
010725,Katanning,Albany,Western Australia - Wheat Belt
010729,Gnowangerup,Albany,Western Australia - Wheat Belt
010792,Gnowangerup,Albany,Western Australia - Wheat Belt
010799,Kulin,Wheat Belt - South,Western Australia - Wheat Belt
010811,Esperance Region,Esperance,Western Australia - Outback (South)
010816,Kulin,Wheat Belt - South,Western Australia - Wheat Belt
010831,Katanning,Albany,Western Australia - Wheat Belt
010866,Kojonup,Albany,Western Australia - Wheat Belt
010869,Esperance Region,Esperance,Western Australia - Outback (South)
010870,Esperance Region,Esperance,Western Australia - Outback (South)
010872,Kulin,Wheat Belt - South,Western Australia - Wheat Belt
010878,Esperance Region,Esperance,Western Australia - Outback (South)
010881,Merredin,Wheat Belt - North,Western Australia - Wheat Belt
010889,Kulin,Wheat Belt - South,Western Australia - Wheat Belt
010893,Kojonup,Albany,Western Australia - Wheat Belt
010894,Kulin,Wheat Belt - South,Western Australia - Wheat Belt
010897,Gnowangerup,Albany,Western Australia - Wheat Belt
010900,Kulin,Wheat Belt - South,Western Australia - Wheat Belt
010904,Merredin,Wheat Belt - North,Western Australia - Wheat Belt
010908,York - Beverley,Wheat Belt - North,Western Australia - Wheat Belt
010910,Wagin,Wheat Belt - South,Western Australia - Wheat Belt
010911,Kulin,Wheat Belt - South,Western Australia - Wheat Belt
010912,Brookton,Wheat Belt - South,Western Australia - Wheat Belt
010916,Katanning,Albany,Western Australia - Wheat Belt
010917,Brookton,Wheat Belt - South,Western Australia - Wheat Belt
010919,Brookton,Wheat Belt - South,Western Australia - Wheat Belt
010921,Gnowangerup,Albany,Western Australia - Wheat Belt
010923,Wagin,Wheat Belt - South,Western Australia - Wheat Belt
012011,Mukinbudin,Wheat Belt - North,Western Australia - Wheat Belt
012026,Mukinbudin,Wheat Belt - North,Western Australia - Wheat Belt
012028,Esperance Region,Esperance,Western Australia - Outback (South)
012064,Mukinbudin,Wheat Belt - North,Western Australia - Wheat Belt
012071,Esperance Region,Esperance,Western Australia - Outback (South)
012077,Esperance Region,Esperance,Western Australia - Outback (South)
012079,Mukinbudin,Wheat Belt - North,Western Australia - Wheat Belt
012083,Mukinbudin,Wheat Belt - North,Western Australia - Wheat Belt
012101,Mukinbudin,Wheat Belt - North,Western Australia - Wheat Belt
012140,Esperance Region,Esperance,Western Australia - Outback (South)
012223,Esperance Region,Esperance,Western Australia - Outback (South)
012291,Esperance Region,Esperance,Western Australia - Outback (South)
012297,Esperance Region,Esperance,Western Australia - Outback (South)
012306,Esperance Region,Esperance,Western Australia - Outback (South)
012308,Esperance Region,Esperance,Western Australia - Outback (South)
012311,Esperance Region,Esperance,Western Australia - Outback (South)
012312,Esperance Region,Esperance,Western Australia - Outback (South)
012320,Mukinbudin,Wheat Belt - North,Western Australia - Wheat Belt
018001,Kimba - Cleve - Franklin Harbour,Eyre Peninsula and South West,South Australia - Outback
018012,Ceduna,Eyre Peninsula and South West,South Australia - Outback
018014,Kimba - Cleve - Franklin Harbour,Eyre Peninsula and South West,South Australia - Outback
018019,Eyre Peninsula,Eyre Peninsula and South West,South Australia - Outback
018022,Kimba - Cleve - Franklin Harbour,Eyre Peninsula and South West,South Australia - Outback
018023,Eyre Peninsula,Eyre Peninsula and South West,South Australia - Outback
018024,Kimba - Cleve - Franklin Harbour,Eyre Peninsula and South West,South Australia - Outback
018040,Kimba - Cleve - Franklin Harbour,Eyre Peninsula and South West,South Australia - Outback
018044,Le Hunte - Elliston,Eyre Peninsula and South West,South Australia - Outback
018046,Le Hunte - Elliston,Eyre Peninsula and South West,South Australia - Outback
018047,West Coast (SA),Eyre Peninsula and South West,South Australia - Outback
018049,Eyre Peninsula,Eyre Peninsula and South West,South Australia - Outback
018054,West Coast (SA),Eyre Peninsula and South West,South Australia - Outback
018060,West Coast (SA),Eyre Peninsula and South West,South Australia - Outback
018063,West Coast (SA),Eyre Peninsula and South West,South Australia - Outback
018069,Le Hunte - Elliston,Eyre Peninsula and South West,South Australia - Outback
018079,West Coast (SA),Eyre Peninsula and South West,South Australia - Outback
018083,Le Hunte - Elliston,Eyre Peninsula and South West,South Australia - Outback
018086,Eyre Peninsula,Eyre Peninsula and South West,South Australia - Outback
018088,Eyre Peninsula,Eyre Peninsula and South West,South Australia - Outback
018094,West Coast (SA),Eyre Peninsula and South West,South Australia - Outback
018096,Kimba - Cleve - Franklin Harbour,Eyre Peninsula and South West,South Australia - Outback
018107,Eyre Peninsula,Eyre Peninsula and South West,South Australia - Outback
018113,Kimba - Cleve - Franklin Harbour,Eyre Peninsula and South West,South Australia - Outback
018116,Kimba - Cleve - Franklin Harbour,Eyre Peninsula and South West,South Australia - Outback
018137,Eyre Peninsula,Eyre Peninsula and South West,South Australia - Outback
018165,Le Hunte - Elliston,Eyre Peninsula and South West,South Australia - Outback
018166,West Coast (SA),Eyre Peninsula and South West,South Australia - Outback
018170,Le Hunte - Elliston,Eyre Peninsula and South West,South Australia - Outback
018171,Eyre Peninsula,Eyre Peninsula and South West,South Australia - Outback
018174,Kimba - Cleve - Franklin Harbour,Eyre Peninsula and South West,South Australia - Outback
018176,Kimba - Cleve - Franklin Harbour,Eyre Peninsula and South West,South Australia - Outback
018188,Eyre Peninsula,Eyre Peninsula and South West,South Australia - Outback
018190,Kimba - Cleve - Franklin Harbour,Eyre Peninsula and South West,South Australia - Outback
018191,Eyre Peninsula,Eyre Peninsula and South West,South Australia - Outback
018192,Eyre Peninsula,Eyre Peninsula and South West,South Australia - Outback
018195,Le Hunte - Elliston,Eyre Peninsula and South West,South Australia - Outback
018204,Le Hunte - Elliston,Eyre Peninsula and South West,South Australia - Outback
018205,Port Lincoln,Eyre Peninsula and South West,South Australia - Outback
018208,Le Hunte - Elliston,Eyre Peninsula and South West,South Australia - Outback
018209,Le Hunte - Elliston,Eyre Peninsula and South West,South Australia - Outback
018214,Kimba - Cleve - Franklin Harbour,Eyre Peninsula and South West,South Australia - Outback
018217,Eyre Peninsula,Eyre Peninsula and South West,South Australia - Outback
018219,West Coast (SA),Eyre Peninsula and South West,South Australia - Outback
019001,Peterborough - Mount Remarkable,Mid North,Barossa - Yorke - Mid North
019005,Peterborough - Mount Remarkable,Mid North,Barossa - Yorke - Mid North
019006,Peterborough - Mount Remarkable,Mid North,Barossa - Yorke - Mid North
019008,Peterborough - Mount Remarkable,Mid North,Barossa - Yorke - Mid North
019024,Peterborough - Mount Remarkable,Mid North,Barossa - Yorke - Mid North
019032,Peterborough - Mount Remarkable,Mid North,Barossa - Yorke - Mid North
019037,Peterborough - Mount Remarkable,Mid North,Barossa - Yorke - Mid North
019047,Peterborough - Mount Remarkable,Mid North,Barossa - Yorke - Mid North
019048,Peterborough - Mount Remarkable,Mid North,Barossa - Yorke - Mid North
019052,Peterborough - Mount Remarkable,Mid North,Barossa - Yorke - Mid North
019053,Jamestown,Mid North,Barossa - Yorke - Mid North
019062,Peterborough - Mount Remarkable,Mid North,Barossa - Yorke - Mid North
019103,Peterborough - Mount Remarkable,Mid North,Barossa - Yorke - Mid North
019115,Jamestown,Mid North,Barossa - Yorke - Mid North
019116,Peterborough - Mount Remarkable,Mid North,Barossa - Yorke - Mid North
019118,Peterborough - Mount Remarkable,Mid North,Barossa - Yorke - Mid North
019120,Peterborough - Mount Remarkable,Mid North,Barossa - Yorke - Mid North
021001,Gilbert Valley,Lower North,Barossa - Yorke - Mid North
021002,Wakefield - Barunga West,Lower North,Barossa - Yorke - Mid North
021003,Wakefield - Barunga West,Lower North,Barossa - Yorke - Mid North
021004,Goyder,Lower North,Barossa - Yorke - Mid North
021010,Gilbert Valley,Lower North,Barossa - Yorke - Mid North
021012,Wakefield - Barunga West,Lower North,Barossa - Yorke - Mid North
021013,Jamestown,Mid North,Barossa - Yorke - Mid North
021016,Port Pirie Region,Mid North,Barossa - Yorke - Mid North
021019,Goyder,Lower North,Barossa - Yorke - Mid North
021020,Jamestown,Mid North,Barossa - Yorke - Mid North
021021,Jamestown,Mid North,Barossa - Yorke - Mid North
021022,Jamestown,Mid North,Barossa - Yorke - Mid North
021027,Jamestown,Mid North,Barossa - Yorke - Mid North
021029,Port Pirie Region,Mid North,Barossa - Yorke - Mid North
021031,Jamestown,Mid North,Barossa - Yorke - Mid North
021033,Gilbert Valley,Lower North,Barossa - Yorke - Mid North
021034,Goyder,Lower North,Barossa - Yorke - Mid North
021042,Wakefield - Barunga West,Lower North,Barossa - Yorke - Mid North
021044,Wakefield - Barunga West,Lower North,Barossa - Yorke - Mid North
021045,Port Pirie Region,Mid North,Barossa - Yorke - Mid North
021047,Jamestown,Mid North,Barossa - Yorke - Mid North
021054,Gilbert Valley,Lower North,Barossa - Yorke - Mid North
021055,Goyder,Lower North,Barossa - Yorke - Mid North
021057,Jamestown,Mid North,Barossa - Yorke - Mid North
021059,Gilbert Valley,Lower North,Barossa - Yorke - Mid North
021060,Jamestown,Mid North,Barossa - Yorke - Mid North
021062,Jamestown,Mid North,Barossa - Yorke - Mid North
021063,Wakefield - Barunga West,Lower North,Barossa - Yorke - Mid North
021072,Jamestown,Mid North,Barossa - Yorke - Mid North
021076,Gilbert Valley,Lower North,Barossa - Yorke - Mid North
021077,Goyder,Lower North,Barossa - Yorke - Mid North
021102,Port Pirie Region,Mid North,Barossa - Yorke - Mid North
021110,Wakefield - Barunga West,Lower North,Barossa - Yorke - Mid North
021120,Goyder,Lower North,Barossa - Yorke - Mid North
021123,Gilbert Valley,Lower North,Barossa - Yorke - Mid North
021127,Gilbert Valley,Lower North,Barossa - Yorke - Mid North
021130,Gilbert Valley,Lower North,Barossa - Yorke - Mid North
021131,Clare,Lower North,Barossa - Yorke - Mid North
021133,Wakefield - Barunga West,Lower North,Barossa - Yorke - Mid North
021135,Clare,Lower North,Barossa - Yorke - Mid North
021137,Wakefield - Barunga West,Lower North,Barossa - Yorke - Mid North
021139,Port Pirie Region,Mid North,Barossa - Yorke - Mid North
022000,Yorke Peninsula - North,Yorke Peninsula,Barossa - Yorke - Mid North
022002,Yorke Peninsula - South,Yorke Peninsula,Barossa - Yorke - Mid North
022003,Yorke Peninsula - North,Yorke Peninsula,Barossa - Yorke - Mid North
022008,Yorke Peninsula - North,Yorke Peninsula,Barossa - Yorke - Mid North
022009,Yorke Peninsula - North,Yorke Peninsula,Barossa - Yorke - Mid North
022011,Moonta,Yorke Peninsula,Barossa - Yorke - Mid North
022012,Kadina,Yorke Peninsula,Barossa - Yorke - Mid North
022014,Yorke Peninsula - North,Yorke Peninsula,Barossa - Yorke - Mid North
022015,Yorke Peninsula - North,Yorke Peninsula,Barossa - Yorke - Mid North
022017,Yorke Peninsula - South,Yorke Peninsula,Barossa - Yorke - Mid North
022018,Yorke Peninsula - South,Yorke Peninsula,Barossa - Yorke - Mid North
022020,Wallaroo,Yorke Peninsula,Barossa - Yorke - Mid North
022022,Yorke Peninsula - North,Yorke Peninsula,Barossa - Yorke - Mid North
022023,Yorke Peninsula - South,Yorke Peninsula,Barossa - Yorke - Mid North
022031,Yorke Peninsula - North,Yorke Peninsula,Barossa - Yorke - Mid North
022036,Yorke Peninsula - North,Yorke Peninsula,Barossa - Yorke - Mid North
022037,Yorke Peninsula - North,Yorke Peninsula,Barossa - Yorke - Mid North
022039,Yorke Peninsula - North,Yorke Peninsula,Barossa - Yorke - Mid North
022046,Yorke Peninsula - South,Yorke Peninsula,Barossa - Yorke - Mid North
022049,Yorke Peninsula - South,Yorke Peninsula,Barossa - Yorke - Mid North
022050,Kadina,Yorke Peninsula,Barossa - Yorke - Mid North
022054,Yorke Peninsula - North,Yorke Peninsula,Barossa - Yorke - Mid North
022055,Yorke Peninsula - North,Yorke Peninsula,Barossa - Yorke - Mid North
022056,Yorke Peninsula - North,Yorke Peninsula,Barossa - Yorke - Mid North
022800,Kangaroo Island,Fleurieu - Kangaroo Island,South Australia - South East
022809,Kangaroo Island,Fleurieu - Kangaroo Island,South Australia - South East
022817,Kangaroo Island,Fleurieu - Kangaroo Island,South Australia - South East
022823,Kangaroo Island,Fleurieu - Kangaroo Island,South Australia - South East
022835,Kangaroo Island,Fleurieu - Kangaroo Island,South Australia - South East
022841,Kangaroo Island,Fleurieu - Kangaroo Island,South Australia - South East
022843,Kangaroo Island,Fleurieu - Kangaroo Island,South Australia - South East
023009,Mallala,Barossa,Barossa - Yorke - Mid North
023012,Wakefield - Barunga West,Lower North,Barossa - Yorke - Mid North
023021,Gawler - North,Gawler - Two Wells,Adelaide - North
023028,Lewiston - Two Wells,Gawler - Two Wells,Adelaide - North
023076,Mallala,Barossa,Barossa - Yorke - Mid North
023095,Wakefield - Barunga West,Lower North,Barossa - Yorke - Mid North
023122,Light,Barossa,Barossa - Yorke - Mid North
023128,Wakefield - Barunga West,Lower North,Barossa - Yorke - Mid North
023129,Mallala,Barossa,Barossa - Yorke - Mid North
023135,Wakefield - Barunga West,Lower North,Barossa - Yorke - Mid North
023147,Gilbert Valley,Lower North,Barossa - Yorke - Mid North
023307,Light,Barossa,Barossa - Yorke - Mid North
023310,Gilbert Valley,Lower North,Barossa - Yorke - Mid North
023311,Gilbert Valley,Lower North,Barossa - Yorke - Mid North
023318,Light,Barossa,Barossa - Yorke - Mid North
023319,Gilbert Valley,Lower North,Barossa - Yorke - Mid North
023323,Light,Barossa,Barossa - Yorke - Mid North
023325,Light,Barossa,Barossa - Yorke - Mid North
023343,Light,Barossa,Barossa - Yorke - Mid North
023348,Light,Barossa,Barossa - Yorke - Mid North
023349,Gilbert Valley,Lower North,Barossa - Yorke - Mid North
023365,Gilbert Valley,Lower North,Barossa - Yorke - Mid North
023369,Light,Barossa,Barossa - Yorke - Mid North
023370,Gilbert Valley,Lower North,Barossa - Yorke - Mid North
023372,Barossa - Angaston,Barossa,Barossa - Yorke - Mid North
023374,Light,Barossa,Barossa - Yorke - Mid North
023714,Strathalbyn Region,Fleurieu - Kangaroo Island,South Australia - South East
023725,Mannum,Murray and Mallee,South Australia - South East
023737,Barossa - Angaston,Barossa,Barossa - Yorke - Mid North
023747,Strathalbyn Region,Fleurieu - Kangaroo Island,South Australia - South East
023822,Strathalbyn Region,Fleurieu - Kangaroo Island,South Australia - South East
023864,Strathalbyn Region,Fleurieu - Kangaroo Island,South Australia - South East
023878,Barossa - Angaston,Barossa,Barossa - Yorke - Mid North
023881,Barossa - Angaston,Barossa,Barossa - Yorke - Mid North
023902,Barossa - Angaston,Barossa,Barossa - Yorke - Mid North
024001,Barmera,Murray and Mallee,South Australia - South East
024003,Renmark Region,Murray and Mallee,South Australia - South East
024008,Renmark Region,Murray and Mallee,South Australia - South East
024010,Loxton Region,Murray and Mallee,South Australia - South East
024012,Barmera,Murray and Mallee,South Australia - South East
024024,Loxton Region,Murray and Mallee,South Australia - South East
024048,Renmark Region,Murray and Mallee,South Australia - South East
024501,Goyder,Lower North,Barossa - Yorke - Mid North
024504,Waikerie,Murray and Mallee,South Australia - South East
024508,Murray Bridge Region,Murray and Mallee,South Australia - South East
024511,Goyder,Lower North,Barossa - Yorke - Mid North
024515,Strathalbyn Region,Fleurieu - Kangaroo Island,South Australia - South East
024517,Mannum,Murray and Mallee,South Australia - South East
024518,The Coorong,Murray and Mallee,South Australia - South East
024519,Strathalbyn Region,Fleurieu - Kangaroo Island,South Australia - South East
024521,Murray Bridge Region,Murray and Mallee,South Australia - South East
024525,Mannum,Murray and Mallee,South Australia - South East
024526,Goyder,Lower North,Barossa - Yorke - Mid North
024528,Goyder,Lower North,Barossa - Yorke - Mid North
024530,Waikerie,Murray and Mallee,South Australia - South East
024531,Mannum,Murray and Mallee,South Australia - South East
024534,Goyder,Lower North,Barossa - Yorke - Mid North
024535,Mannum,Murray and Mallee,South Australia - South East
024536,The Coorong,Murray and Mallee,South Australia - South East
024547,Mannum,Murray and Mallee,South Australia - South East
024550,Strathalbyn Region,Fleurieu - Kangaroo Island,South Australia - South East
024554,The Coorong,Murray and Mallee,South Australia - South East
024564,Waikerie,Murray and Mallee,South Australia - South East
024571,Mannum,Murray and Mallee,South Australia - South East
024572,Murray Bridge Region,Murray and Mallee,South Australia - South East
024573,Waikerie,Murray and Mallee,South Australia - South East
024575,Mannum,Murray and Mallee,South Australia - South East
024576,Strathalbyn Region,Fleurieu - Kangaroo Island,South Australia - South East
024577,The Coorong,Murray and Mallee,South Australia - South East
024578,Waikerie,Murray and Mallee,South Australia - South East
024580,Strathalbyn Region,Fleurieu - Kangaroo Island,South Australia - South East
024584,Murray Bridge Region,Murray and Mallee,South Australia - South East
024585,Mannum,Murray and Mallee,South Australia - South East
024586,Waikerie,Murray and Mallee,South Australia - South East
024589,Murray Bridge Region,Murray and Mallee,South Australia - South East
024590,Barossa - Angaston,Barossa,Barossa - Yorke - Mid North
025002,Mannum,Murray and Mallee,South Australia - South East
025006,Karoonda - Lameroo,Murray and Mallee,South Australia - South East
025010,Karoonda - Lameroo,Murray and Mallee,South Australia - South East
025014,Loxton Region,Murray and Mallee,South Australia - South East
025039,Karoonda - Lameroo,Murray and Mallee,South Australia - South East
025042,The Coorong,Murray and Mallee,South Australia - South East
025048,Loxton Region,Murray and Mallee,South Australia - South East
025050,Loxton Region,Murray and Mallee,South Australia - South East
025051,Karoonda - Lameroo,Murray and Mallee,South Australia - South East
025057,Karoonda - Lameroo,Murray and Mallee,South Australia - South East
025058,Karoonda - Lameroo,Murray and Mallee,South Australia - South East
025502,The Coorong,Murray and Mallee,South Australia - South East
025503,The Coorong,Murray and Mallee,South Australia - South East
025504,The Coorong,Murray and Mallee,South Australia - South East
025506,Karoonda - Lameroo,Murray and Mallee,South Australia - South East
025507,Tatiara,Limestone Coast,South Australia - South East
025512,Karoonda - Lameroo,Murray and Mallee,South Australia - South East
025513,The Coorong,Murray and Mallee,South Australia - South East
025514,The Coorong,Murray and Mallee,South Australia - South East
025519,Tatiara,Limestone Coast,South Australia - South East
025557,Tatiara,Limestone Coast,South Australia - South East
025560,Tatiara,Limestone Coast,South Australia - South East
025561,Tatiara,Limestone Coast,South Australia - South East
025562,Karoonda - Lameroo,Murray and Mallee,South Australia - South East
026007,Naracoorte Region,Limestone Coast,South Australia - South East
026007,Naracoorte Region,Limestone Coast,South Australia - South East
026009,Penola,Limestone Coast,South Australia - South East
026016,Naracoorte Region,Limestone Coast,South Australia - South East
026016,Naracoorte Region,Limestone Coast,South Australia - South East
026018,Millicent,Limestone Coast,South Australia - South East
026025,Penola,Limestone Coast,South Australia - South East
026062,Naracoorte Region,Limestone Coast,South Australia - South East
026062,Naracoorte Region,Limestone Coast,South Australia - South East
026069,Naracoorte Region,Limestone Coast,South Australia - South East
026069,Naracoorte Region,Limestone Coast,South Australia - South East
026091,Penola,Limestone Coast,South Australia - South East
026098,Penola,Limestone Coast,South Australia - South East
026099,Naracoorte Region,Limestone Coast,South Australia - South East
026099,Naracoorte Region,Limestone Coast,South Australia - South East
026100,Tatiara,Limestone Coast,South Australia - South East
026103,Naracoorte Region,Limestone Coast,South Australia - South East
026103,Naracoorte Region,Limestone Coast,South Australia - South East
026107,Tatiara,Limestone Coast,South Australia - South East
026109,Wattle Range,Limestone Coast,South Australia - South East
026113,Penola,Limestone Coast,South Australia - South East
033054,Broadsound - Nebo,Bowen Basin - North,Mackay - Isaac - Whitsunday
033095,Broadsound - Nebo,Bowen Basin - North,Mackay - Isaac - Whitsunday
033170,Broadsound - Nebo,Bowen Basin - North,Mackay - Isaac - Whitsunday
033188,Broadsound - Nebo,Bowen Basin - North,Mackay - Isaac - Whitsunday
033210,Broadsound - Nebo,Bowen Basin - North,Mackay - Isaac - Whitsunday
033318,Broadsound - Nebo,Bowen Basin - North,Mackay - Isaac - Whitsunday
034016,Broadsound - Nebo,Bowen Basin - North,Mackay - Isaac - Whitsunday
034047,Broadsound - Nebo,Bowen Basin - North,Mackay - Isaac - Whitsunday
035001,Central Highlands - West,Central Highlands (Qld),Central Queensland
035003,Central Highlands - East,Central Highlands (Qld),Central Queensland
035007,Central Highlands - East,Central Highlands (Qld),Central Queensland
035014,Miles - Wandoan,Darling Downs (West) - Maranoa,Darling Downs - Maranoa
035015,Banana,Biloela,Central Queensland
035016,Central Highlands - West,Central Highlands (Qld),Central Queensland
035019,Clermont,Bowen Basin - North,Mackay - Isaac - Whitsunday
035021,Central Highlands - West,Central Highlands (Qld),Central Queensland
035026,Central Highlands - East,Central Highlands (Qld),Central Queensland
035039,Miles - Wandoan,Darling Downs (West) - Maranoa,Darling Downs - Maranoa
035040,Roma Region,Darling Downs (West) - Maranoa,Darling Downs - Maranoa
035063,Central Highlands - West,Central Highlands (Qld),Central Queensland
035064,Central Highlands - West,Central Highlands (Qld),Central Queensland
035065,Central Highlands - West,Central Highlands (Qld),Central Queensland
035068,Roma Region,Darling Downs (West) - Maranoa,Darling Downs - Maranoa
035070,Banana,Biloela,Central Queensland
035077,Central Highlands - West,Central Highlands (Qld),Central Queensland
035081,Miles - Wandoan,Darling Downs (West) - Maranoa,Darling Downs - Maranoa
035088,Central Highlands - West,Central Highlands (Qld),Central Queensland
035090,Central Highlands - West,Central Highlands (Qld),Central Queensland
035093,Roma Region,Darling Downs (West) - Maranoa,Darling Downs - Maranoa
035094,Clermont,Bowen Basin - North,Mackay - Isaac - Whitsunday
035109,Broadsound - Nebo,Bowen Basin - North,Mackay - Isaac - Whitsunday
035117,Banana,Biloela,Central Queensland
035121,Central Highlands - West,Central Highlands (Qld),Central Queensland
035124,Clermont,Bowen Basin - North,Mackay - Isaac - Whitsunday
035129,Central Highlands - West,Central Highlands (Qld),Central Queensland
035131,Central Highlands - West,Central Highlands (Qld),Central Queensland
035132,Central Highlands - East,Central Highlands (Qld),Central Queensland
035134,Central Highlands - East,Central Highlands (Qld),Central Queensland
035135,Banana,Biloela,Central Queensland
035146,Central Highlands - West,Central Highlands (Qld),Central Queensland
035172,Central Highlands - East,Central Highlands (Qld),Central Queensland
035174,Central Highlands - East,Central Highlands (Qld),Central Queensland
035182,Banana,Biloela,Central Queensland
035185,Central Highlands - West,Central Highlands (Qld),Central Queensland
035186,Central Highlands - East,Central Highlands (Qld),Central Queensland
035187,Central Highlands - West,Central Highlands (Qld),Central Queensland
035194,Central Highlands - West,Central Highlands (Qld),Central Queensland
035205,Central Highlands - West,Central Highlands (Qld),Central Queensland
035207,Central Highlands - West,Central Highlands (Qld),Central Queensland
035211,Clermont,Bowen Basin - North,Mackay - Isaac - Whitsunday
035221,Central Highlands - West,Central Highlands (Qld),Central Queensland
035225,Central Highlands - West,Central Highlands (Qld),Central Queensland
035242,Miles - Wandoan,Darling Downs (West) - Maranoa,Darling Downs - Maranoa
035251,Central Highlands - West,Central Highlands (Qld),Central Queensland
035271,Banana,Biloela,Central Queensland
035272,Banana,Biloela,Central Queensland
035274,Central Highlands - West,Central Highlands (Qld),Central Queensland
035276,Central Highlands - West,Central Highlands (Qld),Central Queensland
035282,Banana,Biloela,Central Queensland
035293,Central Highlands - West,Central Highlands (Qld),Central Queensland
035294,Central Highlands - West,Central Highlands (Qld),Central Queensland
035295,Central Highlands - East,Central Highlands (Qld),Central Queensland
039000,Monto - Eidsvold,Burnett,Wide Bay
039036,Monto - Eidsvold,Burnett,Wide Bay
039048,Banana,Biloela,Central Queensland
039054,Banana,Biloela,Central Queensland
039057,Monto - Eidsvold,Burnett,Wide Bay
039070,Monto - Eidsvold,Burnett,Wide Bay
039089,Banana,Biloela,Central Queensland
039103,Monto - Eidsvold,Burnett,Wide Bay
039104,Monto - Eidsvold,Burnett,Wide Bay
039106,Banana,Biloela,Central Queensland
039129,Monto - Eidsvold,Burnett,Wide Bay
039156,Banana,Biloela,Central Queensland
039201,Banana,Biloela,Central Queensland
039204,Monto - Eidsvold,Burnett,Wide Bay
039205,Monto - Eidsvold,Burnett,Wide Bay
039222,Monto - Eidsvold,Burnett,Wide Bay
039240,Banana,Biloela,Central Queensland
039251,Monto - Eidsvold,Burnett,Wide Bay
039256,Monto - Eidsvold,Burnett,Wide Bay
039257,Banana,Biloela,Central Queensland
039269,Banana,Biloela,Central Queensland
039278,Monto - Eidsvold,Burnett,Wide Bay
039290,Biloela,Biloela,Central Queensland
039319,Monto - Eidsvold,Burnett,Wide Bay
039321,Monto - Eidsvold,Burnett,Wide Bay
039332,Banana,Biloela,Central Queensland
039339,Monto - Eidsvold,Burnett,Wide Bay
040060,Crows Nest - Rosalie,Darling Downs - East,Darling Downs - Maranoa
040071,Kingaroy Region - North,Burnett,Wide Bay
040138,Kingaroy Region - North,Burnett,Wide Bay
040170,Crows Nest - Rosalie,Darling Downs - East,Darling Downs - Maranoa
040177,Kingaroy Region - North,Burnett,Wide Bay
040259,Crows Nest - Rosalie,Darling Downs - East,Darling Downs - Maranoa
040301,Crows Nest - Rosalie,Darling Downs - East,Darling Downs - Maranoa
040307,Crows Nest - Rosalie,Darling Downs - East,Darling Downs - Maranoa
040310,Lockyer Valley - East,Ipswich Hinterland,Ipswich
040385,Kingaroy Region - North,Burnett,Wide Bay
040480,Crows Nest - Rosalie,Darling Downs - East,Darling Downs - Maranoa
040671,Kingaroy Region - North,Burnett,Wide Bay
040675,Lockyer Valley - East,Ipswich Hinterland,Ipswich
040876,Southern Downs - East,Granite Belt,Darling Downs - Maranoa
040922,Kingaroy Region - North,Burnett,Wide Bay
041005,Wambo,Darling Downs - East,Darling Downs - Maranoa
041012,Chinchilla,Darling Downs (West) - Maranoa,Darling Downs - Maranoa
041014,Inglewood - Waggamba,Darling Downs (West) - Maranoa,Darling Downs - Maranoa
041016,Millmerran,Darling Downs - East,Darling Downs - Maranoa
041017,Chinchilla,Darling Downs (West) - Maranoa,Darling Downs - Maranoa
041020,Chinchilla,Darling Downs (West) - Maranoa,Darling Downs - Maranoa
041022,Southern Downs - West,Granite Belt,Darling Downs - Maranoa
041024,Crows Nest - Rosalie,Darling Downs - East,Darling Downs - Maranoa
041025,Millmerran,Darling Downs - East,Darling Downs - Maranoa
041040,Clifton - Greenmount,Granite Belt,Darling Downs - Maranoa
041050,Wambo,Darling Downs - East,Darling Downs - Maranoa
041052,Wambo,Darling Downs - East,Darling Downs - Maranoa
041053,Jondaryan,Darling Downs - East,Darling Downs - Maranoa
041056,Southern Downs - East,Granite Belt,Darling Downs - Maranoa
041062,Millmerran,Darling Downs - East,Darling Downs - Maranoa
041063,Southern Downs - West,Granite Belt,Darling Downs - Maranoa
041072,Jondaryan,Darling Downs - East,Darling Downs - Maranoa
041082,Pittsworth,Darling Downs - East,Darling Downs - Maranoa
041083,Southern Downs - West,Granite Belt,Darling Downs - Maranoa
041085,Southern Downs - East,Granite Belt,Darling Downs - Maranoa
041090,Chinchilla,Darling Downs (West) - Maranoa,Darling Downs - Maranoa
041091,Wambo,Darling Downs - East,Darling Downs - Maranoa
041092,Chinchilla,Darling Downs (West) - Maranoa,Darling Downs - Maranoa
041098,Southern Downs - East,Granite Belt,Darling Downs - Maranoa
041100,Inglewood - Waggamba,Darling Downs (West) - Maranoa,Darling Downs - Maranoa
041106,Southern Downs - West,Granite Belt,Darling Downs - Maranoa
041112,Inglewood - Waggamba,Darling Downs (West) - Maranoa,Darling Downs - Maranoa
041120,Southern Downs - East,Granite Belt,Darling Downs - Maranoa
041123,Inglewood - Waggamba,Darling Downs (West) - Maranoa,Darling Downs - Maranoa
041124,Goondiwindi,Darling Downs (West) - Maranoa,Darling Downs - Maranoa
041128,Inglewood - Waggamba,Darling Downs (West) - Maranoa,Darling Downs - Maranoa
041131,Wambo,Darling Downs - East,Darling Downs - Maranoa
041133,Inglewood - Waggamba,Darling Downs (West) - Maranoa,Darling Downs - Maranoa
041145,Wambo,Darling Downs - East,Darling Downs - Maranoa
041152,Millmerran,Darling Downs - East,Darling Downs - Maranoa
041166,Pittsworth,Darling Downs - East,Darling Downs - Maranoa
041182,Crows Nest - Rosalie,Darling Downs - East,Darling Downs - Maranoa
041208,Southern Downs - East,Granite Belt,Darling Downs - Maranoa
041212,Crows Nest - Rosalie,Darling Downs - East,Darling Downs - Maranoa
041229,Southern Downs - East,Granite Belt,Darling Downs - Maranoa
041250,Millmerran,Darling Downs - East,Darling Downs - Maranoa
041277,Wambo,Darling Downs - East,Darling Downs - Maranoa
041285,Southern Downs - West,Granite Belt,Darling Downs - Maranoa
041306,Millmerran,Darling Downs - East,Darling Downs - Maranoa
041314,Pittsworth,Darling Downs - East,Darling Downs - Maranoa
041315,Southern Downs - West,Granite Belt,Darling Downs - Maranoa
041318,Millmerran,Darling Downs - East,Darling Downs - Maranoa
041323,Southern Downs - East,Granite Belt,Darling Downs - Maranoa
041339,Wambo,Darling Downs - East,Darling Downs - Maranoa
041344,Southern Downs - West,Granite Belt,Darling Downs - Maranoa
041348,Inglewood - Waggamba,Darling Downs (West) - Maranoa,Darling Downs - Maranoa
041359,Jondaryan,Darling Downs - East,Darling Downs - Maranoa
041370,Inglewood - Waggamba,Darling Downs (West) - Maranoa,Darling Downs - Maranoa
041388,Millmerran,Darling Downs - East,Darling Downs - Maranoa
041391,Inglewood - Waggamba,Darling Downs (West) - Maranoa,Darling Downs - Maranoa
041397,Inglewood - Waggamba,Darling Downs (West) - Maranoa,Darling Downs - Maranoa
041404,Clifton - Greenmount,Granite Belt,Darling Downs - Maranoa
041415,Southern Downs - West,Granite Belt,Darling Downs - Maranoa
041445,Southern Downs - West,Granite Belt,Darling Downs - Maranoa
041456,Southern Downs - East,Granite Belt,Darling Downs - Maranoa
041457,Inglewood - Waggamba,Darling Downs (West) - Maranoa,Darling Downs - Maranoa
041464,Southern Downs - East,Granite Belt,Darling Downs - Maranoa
041469,Wambo,Darling Downs - East,Darling Downs - Maranoa
041473,Southern Downs - West,Granite Belt,Darling Downs - Maranoa
041486,Chinchilla,Darling Downs (West) - Maranoa,Darling Downs - Maranoa
041488,Inglewood - Waggamba,Darling Downs (West) - Maranoa,Darling Downs - Maranoa
041490,Chinchilla,Darling Downs (West) - Maranoa,Darling Downs - Maranoa
041491,Inglewood - Waggamba,Darling Downs (West) - Maranoa,Darling Downs - Maranoa
041493,Tara,Darling Downs (West) - Maranoa,Darling Downs - Maranoa
041495,Inglewood - Waggamba,Darling Downs (West) - Maranoa,Darling Downs - Maranoa
041504,Pittsworth,Darling Downs - East,Darling Downs - Maranoa
041506,Inverell Region - East,Inverell - Tenterfield,New England and North West
041507,Moree Region,Moree - Narrabri,New England and North West
041508,Tara,Darling Downs (West) - Maranoa,Darling Downs - Maranoa
041512,Crows Nest - Rosalie,Darling Downs - East,Darling Downs - Maranoa
041514,Southern Downs - West,Granite Belt,Darling Downs - Maranoa
041515,Clifton - Greenmount,Granite Belt,Darling Downs - Maranoa
041516,Southern Downs - West,Granite Belt,Darling Downs - Maranoa
041519,Inglewood - Waggamba,Darling Downs (West) - Maranoa,Darling Downs - Maranoa
041522,Wambo,Darling Downs - East,Darling Downs - Maranoa
041525,Southern Downs - East,Granite Belt,Darling Downs - Maranoa
041527,Crows Nest - Rosalie,Darling Downs - East,Darling Downs - Maranoa
041530,Southern Downs - East,Granite Belt,Darling Downs - Maranoa
041531,Southern Downs - East,Granite Belt,Darling Downs - Maranoa
041532,Southern Downs - West,Granite Belt,Darling Downs - Maranoa
041533,Southern Downs - East,Granite Belt,Darling Downs - Maranoa
041535,Southern Downs - East,Granite Belt,Darling Downs - Maranoa
041536,Southern Downs - East,Granite Belt,Darling Downs - Maranoa
041537,Southern Downs - East,Granite Belt,Darling Downs - Maranoa
041540,Inglewood - Waggamba,Darling Downs (West) - Maranoa,Darling Downs - Maranoa
041543,Millmerran,Darling Downs - East,Darling Downs - Maranoa
041545,Millmerran,Darling Downs - East,Darling Downs - Maranoa
041546,Tara,Darling Downs (West) - Maranoa,Darling Downs - Maranoa
041548,Inverell Region - East,Inverell - Tenterfield,New England and North West
041551,Wambo,Darling Downs - East,Darling Downs - Maranoa
042002,Tara,Darling Downs (West) - Maranoa,Darling Downs - Maranoa
042004,Miles - Wandoan,Darling Downs (West) - Maranoa,Darling Downs - Maranoa
042009,Miles - Wandoan,Darling Downs (West) - Maranoa,Darling Downs - Maranoa
042016,Tara,Darling Downs (West) - Maranoa,Darling Downs - Maranoa
042022,Tara,Darling Downs (West) - Maranoa,Darling Downs - Maranoa
042023,Miles - Wandoan,Darling Downs (West) - Maranoa,Darling Downs - Maranoa
042025,Chinchilla,Darling Downs (West) - Maranoa,Darling Downs - Maranoa
042027,Inglewood - Waggamba,Darling Downs (West) - Maranoa,Darling Downs - Maranoa
042034,Tara,Darling Downs (West) - Maranoa,Darling Downs - Maranoa
042035,Roma Region,Darling Downs (West) - Maranoa,Darling Downs - Maranoa
042036,Chinchilla,Darling Downs (West) - Maranoa,Darling Downs - Maranoa
042048,Miles - Wandoan,Darling Downs (West) - Maranoa,Darling Downs - Maranoa
042069,Balonne,Darling Downs (West) - Maranoa,Darling Downs - Maranoa
042072,Balonne,Darling Downs (West) - Maranoa,Darling Downs - Maranoa
042078,Chinchilla,Darling Downs (West) - Maranoa,Darling Downs - Maranoa
042097,Inglewood - Waggamba,Darling Downs (West) - Maranoa,Darling Downs - Maranoa
042100,Tara,Darling Downs (West) - Maranoa,Darling Downs - Maranoa
042102,Tara,Darling Downs (West) - Maranoa,Darling Downs - Maranoa
042104,Inglewood - Waggamba,Darling Downs (West) - Maranoa,Darling Downs - Maranoa
042112,Miles - Wandoan,Darling Downs (West) - Maranoa,Darling Downs - Maranoa
042115,Inglewood - Waggamba,Darling Downs (West) - Maranoa,Darling Downs - Maranoa
042116,Inglewood - Waggamba,Darling Downs (West) - Maranoa,Darling Downs - Maranoa
043006,Roma Region,Darling Downs (West) - Maranoa,Darling Downs - Maranoa
043008,Roma Region,Darling Downs (West) - Maranoa,Darling Downs - Maranoa
043015,Roma Region,Darling Downs (West) - Maranoa,Darling Downs - Maranoa
043020,Roma Region,Darling Downs (West) - Maranoa,Darling Downs - Maranoa
043023,Roma Region,Darling Downs (West) - Maranoa,Darling Downs - Maranoa
043033,Roma Region,Darling Downs (West) - Maranoa,Darling Downs - Maranoa
043035,Roma Region,Darling Downs (West) - Maranoa,Darling Downs - Maranoa
043037,Roma Region,Darling Downs (West) - Maranoa,Darling Downs - Maranoa
043038,Roma Region,Darling Downs (West) - Maranoa,Darling Downs - Maranoa
043041,Balonne,Darling Downs (West) - Maranoa,Darling Downs - Maranoa
043043,Roma Region,Darling Downs (West) - Maranoa,Darling Downs - Maranoa
043045,Balonne,Darling Downs (West) - Maranoa,Darling Downs - Maranoa
043051,Miles - Wandoan,Darling Downs (West) - Maranoa,Darling Downs - Maranoa
043052,Roma Region,Darling Downs (West) - Maranoa,Darling Downs - Maranoa
043054,Roma Region,Darling Downs (West) - Maranoa,Darling Downs - Maranoa
043060,Roma Region,Darling Downs (West) - Maranoa,Darling Downs - Maranoa
043061,Roma Region,Darling Downs (West) - Maranoa,Darling Downs - Maranoa
043071,Roma Region,Darling Downs (West) - Maranoa,Darling Downs - Maranoa
043075,Roma Region,Darling Downs (West) - Maranoa,Darling Downs - Maranoa
043080,Roma Region,Darling Downs (West) - Maranoa,Darling Downs - Maranoa
043090,Balonne,Darling Downs (West) - Maranoa,Darling Downs - Maranoa
043091,Roma Region,Darling Downs (West) - Maranoa,Darling Downs - Maranoa
043093,Roma Region,Darling Downs (West) - Maranoa,Darling Downs - Maranoa
043095,Roma Region,Darling Downs (West) - Maranoa,Darling Downs - Maranoa
043099,Roma Region,Darling Downs (West) - Maranoa,Darling Downs - Maranoa
043101,Roma Region,Darling Downs (West) - Maranoa,Darling Downs - Maranoa
043102,Roma Region,Darling Downs (West) - Maranoa,Darling Downs - Maranoa
043105,Roma Region,Darling Downs (West) - Maranoa,Darling Downs - Maranoa
043106,Roma Region,Darling Downs (West) - Maranoa,Darling Downs - Maranoa
043107,Balonne,Darling Downs (West) - Maranoa,Darling Downs - Maranoa
043108,Roma Region,Darling Downs (West) - Maranoa,Darling Downs - Maranoa
043109,Balonne,Darling Downs (West) - Maranoa,Darling Downs - Maranoa
043112,Roma Region,Darling Downs (West) - Maranoa,Darling Downs - Maranoa
044042,Balonne,Darling Downs (West) - Maranoa,Darling Downs - Maranoa
044117,Balonne,Darling Downs (West) - Maranoa,Darling Downs - Maranoa
044154,Balonne,Darling Downs (West) - Maranoa,Darling Downs - Maranoa
044166,Balonne,Darling Downs (West) - Maranoa,Darling Downs - Maranoa
044194,Balonne,Darling Downs (West) - Maranoa,Darling Downs - Maranoa
047040,Wentworth-Balranald Region,Lower Murray,Murray
047107,Wentworth-Balranald Region,Lower Murray,Murray
048018,Walgett - Lightning Ridge,Bourke - Cobar - Coonamble,Far West and Orana
048031,Walgett - Lightning Ridge,Bourke - Cobar - Coonamble,Far West and Orana
049002,Wentworth-Balranald Region,Lower Murray,Murray
050010,Condobolin,Lachlan Valley,Central West
050014,Condobolin,Lachlan Valley,Central West
050017,West Wyalong,Lachlan Valley,Central West
050018,Narromine,Dubbo,Far West and Orana
050031,Parkes Region,Lachlan Valley,Central West
050035,Condobolin,Lachlan Valley,Central West
050036,Parkes Region,Lachlan Valley,Central West
050040,West Wyalong,Lachlan Valley,Central West
050045,West Wyalong,Lachlan Valley,Central West
050052,Condobolin,Lachlan Valley,Central West
050054,Condobolin,Lachlan Valley,Central West
050108,Condobolin,Lachlan Valley,Central West
050110,Parkes Region,Lachlan Valley,Central West
050117,Parkes Region,Lachlan Valley,Central West
050119,Parkes Region,Lachlan Valley,Central West
050137,Condobolin,Lachlan Valley,Central West
050139,Narromine,Dubbo,Far West and Orana
051008,Narromine,Dubbo,Far West and Orana
051018,Gilgandra,Dubbo,Far West and Orana
051038,Nyngan - Warren,Bourke - Cobar - Coonamble,Far West and Orana
051039,Nyngan - Warren,Bourke - Cobar - Coonamble,Far West and Orana
051042,Coonamble,Bourke - Cobar - Coonamble,Far West and Orana
051049,Narromine,Dubbo,Far West and Orana
051062,Coonamble,Bourke - Cobar - Coonamble,Far West and Orana
051066,Dubbo Region,Dubbo,Far West and Orana
051091,Dubbo Region,Dubbo,Far West and Orana
051122,Gilgandra,Dubbo,Far West and Orana
051133,Coonamble,Bourke - Cobar - Coonamble,Far West and Orana
051160,Gilgandra,Dubbo,Far West and Orana
051161,Coonamble,Bourke - Cobar - Coonamble,Far West and Orana
052001,Walgett - Lightning Ridge,Bourke - Cobar - Coonamble,Far West and Orana
052003,Walgett - Lightning Ridge,Bourke - Cobar - Coonamble,Far West and Orana
052016,Narrabri Region,Moree - Narrabri,New England and North West
052019,Moree Region,Moree - Narrabri,New England and North West
052020,Moree Region,Moree - Narrabri,New England and North West
052067,Walgett - Lightning Ridge,Bourke - Cobar - Coonamble,Far West and Orana
052074,Narrabri Region,Moree - Narrabri,New England and North West
052088,Walgett - Lightning Ridge,Bourke - Cobar - Coonamble,Far West and Orana
053001,Coonabarabran,Dubbo,Far West and Orana
053002,Coonabarabran,Dubbo,Far West and Orana
053003,Narrabri Region,Moree - Narrabri,New England and North West
053011,Moree Region,Moree - Narrabri,New England and North West
053018,Moree Region,Moree - Narrabri,New England and North West
053026,Narrabri Region,Moree - Narrabri,New England and North West
053033,Moree Region,Moree - Narrabri,New England and North West
053034,Narrabri Region,Moree - Narrabri,New England and North West
053041,Moree Region,Moree - Narrabri,New England and North West
053042,Moree Region,Moree - Narrabri,New England and North West
053044,Narrabri Region,Moree - Narrabri,New England and North West
053073,Coonabarabran,Dubbo,Far West and Orana
053076,Moree Region,Moree - Narrabri,New England and North West
053081,Coonabarabran,Dubbo,Far West and Orana
053085,Moree Region,Moree - Narrabri,New England and North West
053103,Narrabri Region,Moree - Narrabri,New England and North West
053108,Moree Region,Moree - Narrabri,New England and North West
053115,Moree Region,Moree - Narrabri,New England and North West
054003,Tamworth Region,Tamworth - Gunnedah,New England and North West
054012,Inverell Region - West,Inverell - Tenterfield,New England and North West
054016,Inverell Region - East,Inverell - Tenterfield,New England and North West
054023,Tamworth Region,Tamworth - Gunnedah,New England and North West
054029,Inverell Region - West,Inverell - Tenterfield,New England and North West
054036,Inverell Region - East,Inverell - Tenterfield,New England and North West
054038,Narrabri Region,Moree - Narrabri,New England and North West
054045,Inverell Region - East,Inverell - Tenterfield,New England and North West
054049,Inverell Region - East,Inverell - Tenterfield,New England and North West
054073,Inverell Region - East,Inverell - Tenterfield,New England and North West
054074,Inverell Region - East,Inverell - Tenterfield,New England and North West
054076,Inverell Region - East,Inverell - Tenterfield,New England and North West
054078,Inverell Region - East,Inverell - Tenterfield,New England and North West
054081,Inverell Region - West,Inverell - Tenterfield,New England and North West
054082,Inverell Region - East,Inverell - Tenterfield,New England and North West
054090,Inverell Region - West,Inverell - Tenterfield,New England and North West
054104,Inverell Region - East,Inverell - Tenterfield,New England and North West
054105,Tamworth Region,Tamworth - Gunnedah,New England and North West
054114,Inverell Region - East,Inverell - Tenterfield,New England and North West
054117,Inverell Region - West,Inverell - Tenterfield,New England and North West
054121,Inverell Region - East,Inverell - Tenterfield,New England and North West
054124,Moree Region,Moree - Narrabri,New England and North West
054128,Inverell Region - West,Inverell - Tenterfield,New England and North West
054141,Inverell Region - West,Inverell - Tenterfield,New England and North West
054146,Inverell Region - East,Inverell - Tenterfield,New England and North West
054149,Narrabri Region,Moree - Narrabri,New England and North West
054151,Narrabri Region,Moree - Narrabri,New England and North West
054153,Inverell Region - West,Inverell - Tenterfield,New England and North West
054161,Inverell Region - East,Inverell - Tenterfield,New England and North West
055000,Tamworth Region,Tamworth - Gunnedah,New England and North West
055006,Quirindi,Tamworth - Gunnedah,New England and North West
055007,Gunnedah Region,Tamworth - Gunnedah,New England and North West
055014,Gunnedah Region,Tamworth - Gunnedah,New England and North West
055023,Gunnedah Region,Tamworth - Gunnedah,New England and North West
055024,Gunnedah Region,Tamworth - Gunnedah,New England and North West
055025,Quirindi,Tamworth - Gunnedah,New England and North West
055038,Gunnedah Region,Tamworth - Gunnedah,New England and North West
055041,Tamworth Region,Tamworth - Gunnedah,New England and North West
055043,Quirindi,Tamworth - Gunnedah,New England and North West
055044,Gunnedah Region,Tamworth - Gunnedah,New England and North West
055046,Quirindi,Tamworth - Gunnedah,New England and North West
055049,Quirindi,Tamworth - Gunnedah,New England and North West
055057,Quirindi,Tamworth - Gunnedah,New England and North West
055058,Narrabri Region,Moree - Narrabri,New England and North West
055062,Quirindi,Tamworth - Gunnedah,New England and North West
055066,Quirindi,Tamworth - Gunnedah,New England and North West
055069,Quirindi,Tamworth - Gunnedah,New England and North West
055076,Narrabri Region,Moree - Narrabri,New England and North West
055078,Tamworth Region,Tamworth - Gunnedah,New England and North West
055103,Tamworth Region,Tamworth - Gunnedah,New England and North West
055105,Tamworth Region,Tamworth - Gunnedah,New England and North West
055120,Tamworth Region,Tamworth - Gunnedah,New England and North West
055122,Tamworth Region,Tamworth - Gunnedah,New England and North West
055157,Tamworth Region,Tamworth - Gunnedah,New England and North West
055164,Tamworth Region,Tamworth - Gunnedah,New England and North West
055172,Tamworth Region,Tamworth - Gunnedah,New England and North West
055176,Tamworth Region,Tamworth - Gunnedah,New England and North West
055183,Tamworth Region,Tamworth - Gunnedah,New England and North West
055195,Tamworth Region,Tamworth - Gunnedah,New England and North West
055200,Tamworth Region,Tamworth - Gunnedah,New England and North West
055201,Gunnedah Region,Tamworth - Gunnedah,New England and North West
055202,Gunnedah Region,Tamworth - Gunnedah,New England and North West
055220,Gunnedah Region,Tamworth - Gunnedah,New England and North West
055239,Quirindi,Tamworth - Gunnedah,New England and North West
055244,Quirindi,Tamworth - Gunnedah,New England and North West
055254,Tamworth Region,Tamworth - Gunnedah,New England and North West
055255,Quirindi,Tamworth - Gunnedah,New England and North West
055257,Tamworth Region,Tamworth - Gunnedah,New England and North West
055268,Gunnedah Region,Tamworth - Gunnedah,New England and North West
055276,Gunnedah Region,Tamworth - Gunnedah,New England and North West
055279,Tamworth Region,Tamworth - Gunnedah,New England and North West
055282,Quirindi,Tamworth - Gunnedah,New England and North West
055294,Quirindi,Tamworth - Gunnedah,New England and North West
055302,Tamworth Region,Tamworth - Gunnedah,New England and North West
055303,Tamworth Region,Tamworth - Gunnedah,New England and North West
055304,Gunnedah Region,Tamworth - Gunnedah,New England and North West
055308,Tamworth Region,Tamworth - Gunnedah,New England and North West
055311,Tamworth Region,Tamworth - Gunnedah,New England and North West
055313,Tamworth Region,Tamworth - Gunnedah,New England and North West
055319,Tamworth Region,Tamworth - Gunnedah,New England and North West
055324,Gunnedah Region,Tamworth - Gunnedah,New England and North West
055331,Tamworth Region,Tamworth - Gunnedah,New England and North West
055335,Tamworth Region,Tamworth - Gunnedah,New England and North West
055336,Tamworth Region,Tamworth - Gunnedah,New England and North West
055337,Tamworth Region,Tamworth - Gunnedah,New England and North West
056001,Inverell Region - East,Inverell - Tenterfield,New England and North West
056018,Inverell,Inverell - Tenterfield,New England and North West
056033,Inverell Region - East,Inverell - Tenterfield,New England and North West
056057,Inverell Region - East,Inverell - Tenterfield,New England and North West
056111,Inverell Region - East,Inverell - Tenterfield,New England and North West
056176,Inverell Region - East,Inverell - Tenterfield,New England and North West
056237,Inverell Region - East,Inverell - Tenterfield,New England and North West
056242,Inverell,Inverell - Tenterfield,New England and North West
057093,Grafton Region,Clarence Valley,Coffs Harbour - Grafton
057114,Grafton Region,Clarence Valley,Coffs Harbour - Grafton
058006,Grafton Region,Clarence Valley,Coffs Harbour - Grafton
058028,Grafton Region,Clarence Valley,Coffs Harbour - Grafton
058045,Grafton Region,Clarence Valley,Coffs Harbour - Grafton
058059,Grafton Region,Clarence Valley,Coffs Harbour - Grafton
058074,Grafton Region,Clarence Valley,Coffs Harbour - Grafton
058102,Grafton Region,Clarence Valley,Coffs Harbour - Grafton
058138,Grafton Region,Clarence Valley,Coffs Harbour - Grafton
058161,Grafton Region,Clarence Valley,Coffs Harbour - Grafton
058218,Grafton Region,Clarence Valley,Coffs Harbour - Grafton
059124,Grafton Region,Clarence Valley,Coffs Harbour - Grafton
060127,Tamworth Region,Tamworth - Gunnedah,New England and North West
060128,Scone Region,Upper Hunter,Hunter Valley exc Newcastle
061002,Scone Region,Upper Hunter,Hunter Valley exc Newcastle
061007,Scone Region,Upper Hunter,Hunter Valley exc Newcastle
061026,Scone Region,Upper Hunter,Hunter Valley exc Newcastle
061051,Scone Region,Upper Hunter,Hunter Valley exc Newcastle
061075,Scone Region,Upper Hunter,Hunter Valley exc Newcastle
061089,Scone Region,Upper Hunter,Hunter Valley exc Newcastle
061097,Scone Region,Upper Hunter,Hunter Valley exc Newcastle
061135,Scone Region,Upper Hunter,Hunter Valley exc Newcastle
061195,Scone Region,Upper Hunter,Hunter Valley exc Newcastle
061196,Scone Region,Upper Hunter,Hunter Valley exc Newcastle
061287,Scone Region,Upper Hunter,Hunter Valley exc Newcastle
061315,Scone Region,Upper Hunter,Hunter Valley exc Newcastle
061372,Scone Region,Upper Hunter,Hunter Valley exc Newcastle
061373,Scone Region,Upper Hunter,Hunter Valley exc Newcastle
061392,Quirindi,Tamworth - Gunnedah,New England and North West
061399,Scone Region,Upper Hunter,Hunter Valley exc Newcastle
061402,Scone Region,Upper Hunter,Hunter Valley exc Newcastle
061418,Scone Region,Upper Hunter,Hunter Valley exc Newcastle
061419,Scone Region,Upper Hunter,Hunter Valley exc Newcastle
062003,Wellington,Dubbo,Far West and Orana
062009,Scone Region,Upper Hunter,Hunter Valley exc Newcastle
062013,Mudgee Region - West,Lithgow - Mudgee,Central West
062014,Mudgee Region - West,Lithgow - Mudgee,Central West
062028,Mudgee Region - West,Lithgow - Mudgee,Central West
062032,Mudgee Region - West,Lithgow - Mudgee,Central West
062036,Mudgee Region - West,Lithgow - Mudgee,Central West
062075,Mudgee Region - West,Lithgow - Mudgee,Central West
062084,Mudgee Region - West,Lithgow - Mudgee,Central West
062089,Mudgee Region - West,Lithgow - Mudgee,Central West
062099,Wellington,Dubbo,Far West and Orana
062104,Mudgee Region - West,Lithgow - Mudgee,Central West
062106,Orange Region,Orange,Central West
062108,Scone Region,Upper Hunter,Hunter Valley exc Newcastle
063005,Bathurst Region,Bathurst,Central West
063022,Cowra Region,Lachlan Valley,Central West
063035,Bathurst Region,Bathurst,Central West
063059,Bathurst Region,Bathurst,Central West
063061,Bathurst Region,Bathurst,Central West
063073,Bathurst Region,Bathurst,Central West
063076,Bathurst Region,Bathurst,Central West
063113,Blayney,Orange,Central West
063114,Orange Region,Orange,Central West
063117,Blayney,Orange,Central West
063128,Blayney,Orange,Central West
063190,Bathurst Region,Bathurst,Central West
063214,Bathurst Region,Bathurst,Central West
063234,Cowra Region,Lachlan Valley,Central West
063245,Blayney,Orange,Central West
063264,Blayney,Orange,Central West
063287,Bathurst Region,Bathurst,Central West
063291,Bathurst Region,Bathurst,Central West
063298,Bathurst Region,Bathurst,Central West
063303,Orange Region,Orange,Central West
063304,Bathurst Region,Bathurst,Central West
064004,Coonabarabran,Dubbo,Far West and Orana
064008,Coonabarabran,Dubbo,Far West and Orana
064009,Mudgee Region - West,Lithgow - Mudgee,Central West
064010,Dubbo Region,Dubbo,Far West and Orana
064015,Coonabarabran,Dubbo,Far West and Orana
064017,Coonabarabran,Dubbo,Far West and Orana
064024,Gilgandra,Dubbo,Far West and Orana
064025,Coonabarabran,Dubbo,Far West and Orana
064026,Mudgee Region - West,Lithgow - Mudgee,Central West
064027,Coonabarabran,Dubbo,Far West and Orana
064029,Mudgee Region - West,Lithgow - Mudgee,Central West
064050,Coonabarabran,Dubbo,Far West and Orana
064053,Gilgandra,Dubbo,Far West and Orana
064054,Coonabarabran,Dubbo,Far West and Orana
064055,Coonabarabran,Dubbo,Far West and Orana
065000,Wellington,Dubbo,Far West and Orana
065010,Orange Region,Orange,Central West
065013,Forbes,Lachlan Valley,Central West
065020,Orange Region,Orange,Central West
065022,Orange Region,Orange,Central West
065023,Orange Region,Orange,Central West
065030,Dubbo Region,Dubbo,Far West and Orana
065034,Wellington,Dubbo,Far West and Orana
065039,Forbes,Lachlan Valley,Central West
065041,Orange Region,Orange,Central West
065056,Orange Region,Orange,Central West
065068,Parkes (NSW),Lachlan Valley,Central West
065070,Dubbo Region,Dubbo,Far West and Orana
065072,Forbes,Lachlan Valley,Central West
065084,Forbes,Lachlan Valley,Central West
065096,Parkes Region,Lachlan Valley,Central West
065099,Wellington,Dubbo,Far West and Orana
065100,Parkes Region,Lachlan Valley,Central West
065103,Forbes,Lachlan Valley,Central West
065106,Dubbo Region,Dubbo,Far West and Orana
065110,Orange Region,Orange,Central West
065111,Cowra Region,Lachlan Valley,Central West
065112,Forbes,Lachlan Valley,Central West
065113,Forbes,Lachlan Valley,Central West
065114,Forbes,Lachlan Valley,Central West
070032,Yass Region,Young - Yass,Capital Region
070043,Yass Region,Young - Yass,Capital Region
070045,Yass Region,Young - Yass,Capital Region
070112,Yass Region,Young - Yass,Capital Region
070117,Yass Region,Young - Yass,Capital Region
070264,Young Region,Young - Yass,Capital Region
070295,Yass Region,Young - Yass,Capital Region
070296,Yass Region,Young - Yass,Capital Region
070297,Yass Region,Young - Yass,Capital Region
070344,Yass Region,Young - Yass,Capital Region
070349,Tumut Region,Tumut - Tumbarumba,Riverina
070358,Yass Region,Young - Yass,Capital Region
071073,Tumut Region,Tumut - Tumbarumba,Riverina
072000,Tumut Region,Tumut - Tumbarumba,Riverina
072008,Wagga Wagga Region,Wagga Wagga,Riverina
072012,Albury Region,Albury,Murray
072017,Albury Region,Albury,Murray
072042,Wagga Wagga Region,Wagga Wagga,Riverina
072050,Albury Region,Albury,Murray
072056,Tumut Region,Tumut - Tumbarumba,Riverina
072098,Tumut Region,Tumut - Tumbarumba,Riverina
072101,Albury Region,Albury,Murray
072141,Tumut Region,Tumut - Tumbarumba,Riverina
072142,Albury Region,Albury,Murray
072150,Wagga Wagga Region,Wagga Wagga,Riverina
072152,Tumut Region,Tumut - Tumbarumba,Riverina
072154,Tumut Region,Tumut - Tumbarumba,Riverina
072159,Tumut Region,Tumut - Tumbarumba,Riverina
072161,Tumut Region,Tumut - Tumbarumba,Riverina
072171,Albury Region,Albury,Murray
073000,West Wyalong,Lachlan Valley,Central West
073007,Yass Region,Young - Yass,Capital Region
073014,Grenfell,Lachlan Valley,Central West
073017,Grenfell,Lachlan Valley,Central West
073019,Junee,Wagga Wagga,Riverina
073022,Cootamundra,Wagga Wagga,Riverina
073025,Junee,Wagga Wagga,Riverina
073029,Young Region,Young - Yass,Capital Region
073032,Grenfell,Lachlan Valley,Central West
073036,Cootamundra,Wagga Wagga,Riverina
073037,Temora,Wagga Wagga,Riverina
073043,Cootamundra,Wagga Wagga,Riverina
073044,Junee,Wagga Wagga,Riverina
073050,Yass Region,Young - Yass,Capital Region
073051,Young Region,Young - Yass,Capital Region
073054,West Wyalong,Lachlan Valley,Central West
073097,Young Region,Young - Yass,Capital Region
073099,Junee,Wagga Wagga,Riverina
073100,Grenfell,Lachlan Valley,Central West
073109,Young Region,Young - Yass,Capital Region
073110,Grenfell,Lachlan Valley,Central West
073113,Young Region,Young - Yass,Capital Region
073115,Tumut Region,Tumut - Tumbarumba,Riverina
073129,Young Region,Young - Yass,Capital Region
073138,Young Region,Young - Yass,Capital Region
073140,Junee,Wagga Wagga,Riverina
073141,Gundagai,Wagga Wagga,Riverina
073142,Cootamundra,Wagga Wagga,Riverina
073145,West Wyalong,Lachlan Valley,Central West
073149,Grenfell,Lachlan Valley,Central West
073150,Cootamundra,Wagga Wagga,Riverina
073151,Temora,Wagga Wagga,Riverina
074000,Temora,Wagga Wagga,Riverina
074005,Narrandera,Griffith - Murrumbidgee (West),Riverina
074033,Wagga Wagga Region,Wagga Wagga,Riverina
074037,Leeton,Griffith - Murrumbidgee (West),Riverina
074042,Tocumwal - Finley - Jerilderie,Upper Murray exc. Albury,Murray
074050,Narrandera,Griffith - Murrumbidgee (West),Riverina
074053,Albury Region,Albury,Murray
074064,Wagga Wagga Region,Wagga Wagga,Riverina
074081,Corowa Region,Upper Murray exc. Albury,Murray
074087,Tocumwal - Finley - Jerilderie,Upper Murray exc. Albury,Murray
074100,Corowa Region,Upper Murray exc. Albury,Murray
074104,Wagga Wagga Region,Wagga Wagga,Riverina
074106,Tocumwal - Finley - Jerilderie,Upper Murray exc. Albury,Murray
074110,Corowa Region,Upper Murray exc. Albury,Murray
074118,Griffith Region,Griffith - Murrumbidgee (West),Riverina
074127,Wagga Wagga Region,Wagga Wagga,Riverina
074128,Deniliquin Region,Upper Murray exc. Albury,Murray
074128,Deniliquin Region,Upper Murray exc. Albury,Murray
074129,Deniliquin Region,Upper Murray exc. Albury,Murray
074129,Deniliquin Region,Upper Murray exc. Albury,Murray
074148,Narrandera,Griffith - Murrumbidgee (West),Riverina
074162,Narrandera,Griffith - Murrumbidgee (West),Riverina
074179,Wagga Wagga Region,Wagga Wagga,Riverina
074188,Albury Region,Albury,Murray
074202,Wagga Wagga Region,Wagga Wagga,Riverina
074205,Wagga Wagga Region,Wagga Wagga,Riverina
074208,Deniliquin Region,Upper Murray exc. Albury,Murray
074208,Deniliquin Region,Upper Murray exc. Albury,Murray
074236,Albury Region,Albury,Murray
074249,Griffith Region,Griffith - Murrumbidgee (West),Riverina
074254,Leeton,Griffith - Murrumbidgee (West),Riverina
074258,Deniliquin Region,Upper Murray exc. Albury,Murray
074258,Deniliquin Region,Upper Murray exc. Albury,Murray
074262,Deniliquin Region,Upper Murray exc. Albury,Murray
074262,Deniliquin Region,Upper Murray exc. Albury,Murray
074264,Wagga Wagga Region,Wagga Wagga,Riverina
074268,West Wyalong,Lachlan Valley,Central West
074269,Wagga Wagga Region,Wagga Wagga,Riverina
074270,Deniliquin Region,Upper Murray exc. Albury,Murray
074270,Deniliquin Region,Upper Murray exc. Albury,Murray
075012,Deniliquin Region,Upper Murray exc. Albury,Murray
075012,Deniliquin Region,Upper Murray exc. Albury,Murray
075017,Condobolin,Lachlan Valley,Central West
075039,Condobolin,Lachlan Valley,Central West
075041,Griffith Region,Griffith - Murrumbidgee (West),Riverina
075046,Deniliquin Region,Upper Murray exc. Albury,Murray
075046,Deniliquin Region,Upper Murray exc. Albury,Murray
075054,Deniliquin Region,Upper Murray exc. Albury,Murray
075054,Deniliquin Region,Upper Murray exc. Albury,Murray
075056,Deniliquin Region,Upper Murray exc. Albury,Murray
075056,Deniliquin Region,Upper Murray exc. Albury,Murray
075062,Deniliquin Region,Upper Murray exc. Albury,Murray
075062,Deniliquin Region,Upper Murray exc. Albury,Murray
075071,Deniliquin Region,Upper Murray exc. Albury,Murray
075071,Deniliquin Region,Upper Murray exc. Albury,Murray
075072,West Wyalong,Lachlan Valley,Central West
075079,Griffith Region,Griffith - Murrumbidgee (West),Riverina
075086,Deniliquin Region,Upper Murray exc. Albury,Murray
075086,Deniliquin Region,Upper Murray exc. Albury,Murray
075093,Deniliquin Region,Upper Murray exc. Albury,Murray
075093,Deniliquin Region,Upper Murray exc. Albury,Murray
075173,Hay,Lower Murray,Murray
076000,Swan Hill Region,Murray River - Swan Hill,North West
076012,Swan Hill Region,Murray River - Swan Hill,North West
076015,Mildura Region,Mildura,North West
076015,Mildura Region,Mildura,North West
076017,Swan Hill Region,Murray River - Swan Hill,North West
076018,Swan Hill Region,Murray River - Swan Hill,North West
076031,Mildura Region,Mildura,North West
076031,Mildura Region,Mildura,North West
076038,Mildura Region,Mildura,North West
076038,Mildura Region,Mildura,North West
076043,Mildura Region,Mildura,North West
076043,Mildura Region,Mildura,North West
076044,Swan Hill Region,Murray River - Swan Hill,North West
076046,Swan Hill Region,Murray River - Swan Hill,North West
076047,Mildura Region,Mildura,North West
076047,Mildura Region,Mildura,North West
076050,Swan Hill Region,Murray River - Swan Hill,North West
076051,Mildura Region,Mildura,North West
076051,Mildura Region,Mildura,North West
076052,Mildura Region,Mildura,North West
076052,Mildura Region,Mildura,North West
076064,Mildura Region,Mildura,North West
076064,Mildura Region,Mildura,North West
076067,Mildura Region,Mildura,North West
076067,Mildura Region,Mildura,North West
076103,Mildura Region,Mildura,North West
076103,Mildura Region,Mildura,North West
076105,Swan Hill Region,Murray River - Swan Hill,North West
076106,Mildura Region,Mildura,North West
076106,Mildura Region,Mildura,North West
076107,Mildura Region,Mildura,North West
076107,Mildura Region,Mildura,North West
076108,Mildura Region,Mildura,North West
076108,Mildura Region,Mildura,North West
077004,Yarriambiack,Grampians,North West
077005,Buloke,Murray River - Swan Hill,North West
077008,Buloke,Murray River - Swan Hill,North West
077010,Yarriambiack,Grampians,North West
077014,Buloke,Murray River - Swan Hill,North West
077015,Yarriambiack,Grampians,North West
077023,Gannawarra,Murray River - Swan Hill,North West
077025,Swan Hill Region,Murray River - Swan Hill,North West
077026,Yarriambiack,Grampians,North West
077034,Gannawarra,Murray River - Swan Hill,North West
077039,Buloke,Murray River - Swan Hill,North West
077040,Buloke,Murray River - Swan Hill,North West
077048,Swan Hill Region,Murray River - Swan Hill,North West
077052,Yarriambiack,Grampians,North West
077079,Buloke,Murray River - Swan Hill,North West
077082,Yarriambiack,Grampians,North West
077088,Buloke,Murray River - Swan Hill,North West
077094,Swan Hill Region,Murray River - Swan Hill,North West
077095,Yarriambiack,Grampians,North West
078001,Nhill Region,Grampians,North West
078001,Nhill Region,Grampians,North West
078010,Nhill Region,Grampians,North West
078010,Nhill Region,Grampians,North West
078013,Nhill Region,Grampians,North West
078013,Nhill Region,Grampians,North West
078015,Nhill Region,Grampians,North West
078015,Nhill Region,Grampians,North West
078018,Yarriambiack,Grampians,North West
078029,Yarriambiack,Grampians,North West
078038,Yarriambiack,Grampians,North West
078040,Nhill Region,Grampians,North West
078040,Nhill Region,Grampians,North West
078042,Buloke,Murray River - Swan Hill,North West
078072,Buloke,Murray River - Swan Hill,North West
078077,Yarriambiack,Grampians,North West
078078,Nhill Region,Grampians,North West
078078,Nhill Region,Grampians,North West
078080,Nhill Region,Grampians,North West
078080,Nhill Region,Grampians,North West
079002,Avoca,Maryborough - Pyrenees,Ballarat
079008,Horsham Region,Grampians,North West
079010,Horsham Region,Grampians,North West
079011,West Wimmera,Grampians,North West
079016,St Arnaud,Grampians,North West
079017,West Wimmera,Grampians,North West
079019,Stawell,Grampians,North West
079028,Horsham Region,Grampians,North West
079031,Avoca,Maryborough - Pyrenees,Ballarat
079032,Stawell,Grampians,North West
079036,Horsham Region,Grampians,North West
079037,St Arnaud,Grampians,North West
079039,St Arnaud,Grampians,North West
079040,St Arnaud,Grampians,North West
079050,Ararat Region,Grampians,North West
079071,West Wimmera,Grampians,North West
079075,Yarriambiack,Grampians,North West
079078,Horsham Region,Grampians,North West
079082,Horsham Region,Grampians,North West
079083,West Wimmera,Grampians,North West
079097,Horsham Region,Grampians,North West
079099,West Wimmera,Grampians,North West
079100,Horsham Region,Grampians,North West
079101,Avoca,Maryborough - Pyrenees,Ballarat
079105,Stawell,Grampians,North West
079107,West Wimmera,Grampians,North West
080002,Loddon,Loddon - Elmore,Bendigo
080004,Loddon,Loddon - Elmore,Bendigo
080009,Buloke,Murray River - Swan Hill,North West
080014,Loddon,Loddon - Elmore,Bendigo
080015,Echuca,Campaspe,Shepparton
080017,Loddon,Loddon - Elmore,Bendigo
080020,Lockington - Gunbower,Campaspe,Shepparton
080023,Kerang,Murray River - Swan Hill,North West
080027,Loddon,Loddon - Elmore,Bendigo
080036,Loddon,Loddon - Elmore,Bendigo
080049,Rochester,Campaspe,Shepparton
080065,Numurkah,Moira,Shepparton
080067,Buloke,Murray River - Swan Hill,North West
080091,Kyabram,Campaspe,Shepparton
080095,Lockington - Gunbower,Campaspe,Shepparton
080103,Loddon,Loddon - Elmore,Bendigo
080125,Numurkah,Moira,Shepparton
080126,Kerang,Murray River - Swan Hill,North West
080128,Buloke,Murray River - Swan Hill,North West
081000,Avoca,Maryborough - Pyrenees,Ballarat
081002,Maryborough Region,Maryborough - Pyrenees,Ballarat
081006,Loddon,Loddon - Elmore,Bendigo
081007,Shepparton Region - West,Shepparton,Shepparton
081008,Rushworth,Campaspe,Shepparton
081013,Shepparton Region - West,Shepparton,Shepparton
081016,Bendigo Region - North,Loddon - Elmore,Bendigo
081019,Nagambie,Upper Goulburn Valley,Hume
081020,Loddon,Loddon - Elmore,Bendigo
081033,Euroa,Upper Goulburn Valley,Hume
081034,Shepparton Region - West,Shepparton,Shepparton
081035,Shepparton Region - West,Shepparton,Shepparton
081038,Avoca,Maryborough - Pyrenees,Ballarat
081041,Bendigo Region - North,Loddon - Elmore,Bendigo
081046,Rushworth,Campaspe,Shepparton
081047,Loddon,Loddon - Elmore,Bendigo
081049,Shepparton Region - West,Shepparton,Shepparton
081053,Rushworth,Campaspe,Shepparton
081085,Maryborough Region,Maryborough - Pyrenees,Ballarat
081087,Benalla Region,Wangaratta - Benalla,Hume
081090,Maryborough Region,Maryborough - Pyrenees,Ballarat
081095,Shepparton Region - West,Shepparton,Shepparton
081115,Rushworth,Campaspe,Shepparton
081120,Rushworth,Campaspe,Shepparton
081124,Yarrawonga,Moira,Shepparton
081125,Shepparton Region - West,Shepparton,Shepparton
081127,Maryborough Region,Maryborough - Pyrenees,Ballarat
081128,Loddon,Loddon - Elmore,Bendigo
082009,Wangaratta Region,Wangaratta - Benalla,Hume
082015,Wangaratta Region,Wangaratta - Benalla,Hume
082016,Euroa,Upper Goulburn Valley,Hume
082029,Wangaratta Region,Wangaratta - Benalla,Hume
082033,Wangaratta Region,Wangaratta - Benalla,Hume
082042,Euroa,Upper Goulburn Valley,Hume
082049,Euroa,Upper Goulburn Valley,Hume
082084,Euroa,Upper Goulburn Valley,Hume
082096,Euroa,Upper Goulburn Valley,Hume
082105,Wangaratta Region,Wangaratta - Benalla,Hume
082109,Benalla Region,Wangaratta - Benalla,Hume
082110,Benalla Region,Wangaratta - Benalla,Hume
082116,Wangaratta Region,Wangaratta - Benalla,Hume
082128,Wangaratta Region,Wangaratta - Benalla,Hume
082138,Wangaratta Region,Wangaratta - Benalla,Hume
082140,Benalla Region,Wangaratta - Benalla,Hume
082143,Euroa,Upper Goulburn Valley,Hume
082144,Euroa,Upper Goulburn Valley,Hume
082145,Euroa,Upper Goulburn Valley,Hume
082146,Euroa,Upper Goulburn Valley,Hume
082147,Euroa,Upper Goulburn Valley,Hume
082149,Euroa,Upper Goulburn Valley,Hume
082151,Euroa,Upper Goulburn Valley,Hume
082153,Euroa,Upper Goulburn Valley,Hume
082154,Euroa,Upper Goulburn Valley,Hume
082155,Benalla Region,Wangaratta - Benalla,Hume
082156,Wangaratta Region,Wangaratta - Benalla,Hume
082158,Wangaratta Region,Wangaratta - Benalla,Hume
082163,Wangaratta Region,Wangaratta - Benalla,Hume
082166,Wangaratta Region,Wangaratta - Benalla,Hume
082167,Wangaratta Region,Wangaratta - Benalla,Hume
082170,Benalla Region,Wangaratta - Benalla,Hume
083083,Wangaratta Region,Wangaratta - Benalla,Hume
084100,Bairnsdale,,
085279,Bairnsdale,,
087006,Bacchus Marsh Region,Creswick - Daylesford - Ballan,Ballarat
087007,Gordon (Vic.),Creswick - Daylesford - Ballan,Ballarat
087021,Golden Plains - South,Barwon - West,Geelong
087042,Golden Plains - South,Barwon - West,Geelong
087043,Golden Plains - South,Barwon - West,Geelong
087068,Gordon (Vic.),Creswick - Daylesford - Ballan,Ballarat
087095,Bacchus Marsh Region,Creswick - Daylesford - Ballan,Ballarat
087124,Winchelsea,Barwon - West,Geelong
087162,Winchelsea,Barwon - West,Geelong
087168,Golden Plains - South,Barwon - West,Geelong
088002,Nagambie,Upper Goulburn Valley,Hume
088009,Castlemaine Region,Heathcote - Castlemaine - Kyneton,Bendigo
088015,Creswick - Clunes,Creswick - Daylesford - Ballan,Ballarat
088019,Creswick - Clunes,Creswick - Daylesford - Ballan,Ballarat
088032,Castlemaine Region,Heathcote - Castlemaine - Kyneton,Bendigo
088048,Castlemaine Region,Heathcote - Castlemaine - Kyneton,Bendigo
088051,Castlemaine Region,Heathcote - Castlemaine - Kyneton,Bendigo
088109,Nagambie,Upper Goulburn Valley,Hume
088137,Avoca,Maryborough - Pyrenees,Ballarat
089003,Southern Grampians,Glenelg - Southern Grampians,Warrnambool and South West
089005,Beaufort,Maryborough - Pyrenees,Ballarat
089009,Southern Grampians,Glenelg - Southern Grampians,Warrnambool and South West
089010,Colac Region,Colac - Corangamite,Warrnambool and South West
089011,Southern Grampians,Glenelg - Southern Grampians,Warrnambool and South West
089016,Ararat Region,Grampians,North West
089018,Corangamite - North,Colac - Corangamite,Warrnambool and South West
089025,Corangamite - North,Colac - Corangamite,Warrnambool and South West
089033,Ararat Region,Grampians,North West
089034,Ararat Region,Grampians,North West
089043,Southern Grampians,Glenelg - Southern Grampians,Warrnambool and South West
089068,Golden Plains - South,Barwon - West,Geelong
089074,Corangamite - North,Colac - Corangamite,Warrnambool and South West
089082,Beaufort,Maryborough - Pyrenees,Ballarat
089084,Golden Plains - South,Barwon - West,Geelong
089085,Ararat Region,Grampians,North West
089103,Corangamite - North,Colac - Corangamite,Warrnambool and South West
089104,Golden Plains - South,Barwon - West,Geelong
089106,Creswick - Clunes,Creswick - Daylesford - Ballan,Ballarat
089107,Beaufort,Maryborough - Pyrenees,Ballarat
089109,Ararat Region,Grampians,North West
089112,Ararat Region,Grampians,North West
090005,Colac Region,Colac - Corangamite,Warrnambool and South West
090008,Colac Region,Colac - Corangamite,Warrnambool and South West
090010,Southern Grampians,Glenelg - Southern Grampians,Warrnambool and South West
090022,Colac Region,Colac - Corangamite,Warrnambool and South West
090024,Southern Grampians,Glenelg - Southern Grampians,Warrnambool and South West
090035,Colac Region,Colac - Corangamite,Warrnambool and South West
090045,Moyne - West,Warrnambool,Warrnambool and South West
090055,Moyne - West,Warrnambool,Warrnambool and South West
090057,Glenelg (Vic.),Glenelg - Southern Grampians,Warrnambool and South West
090062,Southern Grampians,Glenelg - Southern Grampians,Warrnambool and South West
090063,Southern Grampians,Glenelg - Southern Grampians,Warrnambool and South West
090077,Corangamite - North,Colac - Corangamite,Warrnambool and South West
090147,Colac Region,Colac - Corangamite,Warrnambool and South West
090173,Southern Grampians,Glenelg - Southern Grampians,Warrnambool and South West
090176,Moyne - East,Warrnambool,Warrnambool and South West
109511,Plantagenet,Albany,Western Australia - Wheat Belt
109512,Plantagenet,Albany,Western Australia - Wheat Belt
109515,Plantagenet,Albany,Western Australia - Wheat Belt
109516,Murray,Wheat Belt - South,Western Australia - Wheat Belt
140000,Crows Nest - Rosalie,Darling Downs - East,Darling Downs - Maranoa
200001,Broadsound - Nebo,Bowen Basin - North,Mackay - Isaac - Whitsunday
